"","x"
"1","syria video shows fundamentalists beheading a man with a necklace bomb "
"2","didyouknow chelsea herndons home run this past saturday was her first since maygogators bomb "
"3","everyone should totally check out julies picture on the school newspaper bomb"
"4","iraqshiite pilgrims killed in suicide car bomb attack in iraqs baghdad "
"5","didyouknow chelsea herndons home run this past saturday was her first since maygogators bomb "
"6","y ee add and anda walkrun trap shitretro bombwe will make them walk the street as if carrying boulders exposed"
"7","didyouknow chelsea herndons home run this past saturday was her first since maygogators bomb "
"8","didyouknow chelsea herndons home run this past saturday was her first since maygogators bomb "
"9","didyouknow chelsea herndons home run this past saturday was her first since maygogators bomb "
"10","didyouknow chelsea herndons home run this past saturday was her first since maygogators bomb "
"11","didyouknow chelsea herndons home run this past saturday was her first since maygogators bomb "
"12","didyouknow chelsea herndons home run this past saturday was her first since maygogators bomb "
"13","didyouknow chelsea herndons home run this past saturday was her first since maygogators bomb "
"14","didyouknow chelsea herndons home run this past saturday was her first since maygogators bomb "
"15","didyouknow chelsea herndons home run this past saturday was her first since maygogators bomb "
"16","i dont eat everybodys banana pudding butyou outdid yourself eduaubdedubub bomb"
"17","didyouknow chelsea herndons home run this past saturday was her first since maygogators bomb "
"18","kim art drawing graffiti bomb throwie throwup greenblue emoji bubbles follow lowpik "
"19","didyouknow chelsea herndons home run this past saturday was her first since maygogators bomb "
"20","didyouknow chelsea herndons home run this past saturday was her first since maygogators bomb "
"21","didyouknow chelsea herndons home run this past saturday was her first since maygogators bomb "
"22","brilliant idea military chercules planes refitted to seed bombsaplingsday reforestation tree "
"23","didyouknow chelsea herndons home run this past saturday was her first since maygogators bomb "
"24","didyouknow chelsea herndons home run this past saturday was her first since maygogators bomb "
"25","didyouknow chelsea herndons home run this past saturday was her first since maygogators bomb "
"26","repostwith bunnehbaking cupcakes at workthe only reason to come to work bomb "
"27","bc his literally the best myboyfriend betterthanyou bomb promk "
"28","didyouknow chelsea herndons home run this past saturday was her first since maygogators bomb "
"29","didyouknow chelsea herndons home run this past saturday was her first since maygogators bomb "
"30","thxthe bomb hot saucesit atop my beefy tacos feeltheburn feta toronto foodiechats "
"31","didyouknow chelsea herndons home run this past saturday was her first since maygogators bomb "
"32","thailand a child is among the casualties of an islamic separatist bomb blast outside a grocery store "
"33","thailand a child is among the casualties of an islamic separatist bomb blast outside a grocery store "
"34","didyouknow chelsea herndons home run this past saturday was her first since maygogators bomb "
"35","this is eser çali the kurdisch pkk suicide bomber who made the bomb explode in bursa "
"36","didyouknow chelsea herndons home run this past saturday was her first since maygogators bomb "
"37","didyouknow chelsea herndons home run this past saturday was her first since maygogators bomb "
"38","didyouknow chelsea herndons home run this past saturday was her first since maygogators bomb "
"39","three bomb explosions killin around iraqi capitalisil isis "
"40","didyouknow chelsea herndons home run this past saturday was her first since maygogators bomb "
"41","wifi hotspot detonation device causes bomb scare "
"42","didyouknow chelsea herndons home run this past saturday was her first since maygogators bomb "
"43","didyouknow chelsea herndons home run this past saturday was her first since maygogators bomb "
"44","didyouknow chelsea herndons home run this past saturday was her first since maygogators bomb "
"45","didyouknow chelsea herndons home run this past saturday was her first since maygogators bomb "
"46","wifi hotspot detonation device causes bomb scare "
"47","didyouknow chelsea herndons home run this past saturday was her first since maygogators bomb "
"48","didyouknow chelsea herndons home run this past saturday was her first since maygogators bomb "
"49","wifi hotspot detonation device causes bomb scare "
"50","didyouknow chelsea herndons home run this past saturday was her first since maygogators bomb "
"51","wifi hotspot detonation device causes bomb scare "
"52","didyouknow chelsea herndons home run this past saturday was her first since maygogators bomb "
"53","didyouknow chelsea herndons home run this past saturday was her first since maygogators bomb "
"54","report fbi arrests man plotting to bomb florida synagoguemay be islamic  "
"55","wifi hotspot detonation device causes bomb scare "
"56","wifi hotspot detonation device causes bomb scare "
"57","one arrested in foiled bomb attack plot against florida synagogue diaspora terrorism "
"58","thegolden bears football spring camp is in the books thanks to all of the supporters who were at our scrimmage"
"59","bomb threat eduaubdedubua"
"60","didyouknow chelsea herndons home run this past saturday was her first since maygogators bomb "
"61","one arrested in foiled bomb attack plot against florida synagogue diaspora terrorism "
"62","didyouknow chelsea herndons home run this past saturday was her first since maygogators bomb "
"63","didyouknow chelsea herndons home run this past saturday was her first since maygogators bomb "
"64","wifi hotspot detonation device causes bomb scare "
"65","didyouknow chelsea herndons home run this past saturday was her first since maygogators bomb "
"66","didyouknow chelsea herndons home run this past saturday was her first since maygogators bomb "
"67","didyouknow chelsea herndons home run this past saturday was her first since maygogators bomb "
"68","didyouknow chelsea herndons home run this past saturday was her first since maygogators bomb "
"69","didyouknow chelsea herndons home run this past saturday was her first since maygogators bomb "
"70","didyouknow chelsea herndons home run this past saturday was her first since maygogators bomb "
"71","didyouknow chelsea herndons home run this past saturday was her first since maygogators bomb "
"72","one arrested in foiled bomb attack plot against florida synagogue diaspora terrorism "
"73","didyouknow chelsea herndons home run this past saturday was her first since maygogators bomb "
"74","didyouknow chelsea herndons home run this past saturday was her first since maygogators bomb "
"75","wifi hotspot detonation device causes bomb scare "
"76","wifi hotspot detonation device causes bomb scare "
"77","wifi hotspot detonation device causes bomb scare "
"78","fake prophecy alert prince the prince of the airwaves passed away symbolic mega bomb"
"79","omg lol thats the bomb"
"80","wifi hotspot detonation device causes bomb scare "
"81","wifi hotspot detonation device causes bomb scare "
"82","wifi hotspot detonation device causes bomb scare "
"83","wifi hotspot detonation device causes bomb scare "
"84","wifi hotspot detonation device causes bomb scare "
"85","wifi hotspot detonation device causes bomb scare "
"86","wifi hotspot detonation device causes bomb scare "
"87","wifi hotspot detonation device causes bomb scare "
"88","wifi hotspot detonation device causes bomb scare "
"89","wifi hotspot detonation device causes bomb scare "
"90","my sister house sat for my this weekend i came home and everything was cleaned bombcom thankssoso"
"91","wifi hotspot detonation device causes bomb scare "
"92","wifi hotspot detonation device causes bomb scare "
"93","wifi hotspot detonation device causes bomb scare "
"94","wifi hotspot detonation device causes bomb scare "
"95","wifi hotspot detonation device causes bomb scare "
"96","wifi hotspot detonation device causes bomb scare "
"97","three bomb explosions killin around iraqi capitalisil isis "
"98","reports of bomb threat at walmartmayam et"
"99","wifi hotspot detonation device causes bomb scare "
"100","three bomb explosions killin around iraqi capitalisil isis "
